{"options":{"check_for_updates":true,"comment":null,"compatopts_for_requires":true,"compat_wrappedjsobject":false,"compat_metadata":false,"compat_foreach":false,"compat_arrayleft":false,"compat_uW_gmonkey":false,"compat_forvarin":false,"noframes":null,"awareOfChrome":false,"run_at":null,"override":{"use_includes":[],"orig_includes":[],"merge_includes":true,"use_matches":[],"orig_matches":["*.163.com/photoview/*"],"merge_matches":true,"use_excludes":[],"orig_excludes":[],"merge_excludes":true,"use_connects":[],"merge_connects":true,"use_blockers":[],"orig_run_at":"document-idle","orig_noframes":null,"orig_connects":[]}},"settings":{"enabled":true,"position":1},"meta":{"name":"163图集完整显示","uuid":"6c2cfa9c-a532-462f-ad1f-ff4bfe15e173","modified":1511234616092,"file_url":"https://greasyfork.org/scripts/9339-163%E5%9B%BE%E9%9B%86%E5%AE%8C%E6%95%B4%E6%98%BE%E7%A4%BA/code/163%E5%9B%BE%E9%9B%86%E5%AE%8C%E6%95%B4%E6%98%BE%E7%A4%BA.user.js"}}