{"options":{"check_for_updates":true,"comment":null,"compatopts_for_requires":true,"compat_wrappedjsobject":false,"compat_metadata":false,"compat_foreach":false,"compat_arrayleft":false,"compat_uW_gmonkey":false,"compat_forvarin":false,"noframes":null,"awareOfChrome":false,"run_at":null,"override":{"use_includes":[],"orig_includes":["/^https?\\:\\/\\/encrypted.google.[^\\/]+/","/^https?\\:\\/\\/www.google.[^\\/]+/","/^https?\\:\\/\\/www.baidu.[^\\/]+/","/^https?\\:\\/\\/[\\w]+.bing.[^\\/]+/","/^https?\\:\\/\\/www.haosou.com+/","/^https?\\:\\/\\/www.youdao.com/","/^https?:\\/\\/www.sogou.com/","/^https?:\\/\\/search.disconnect.me/"],"merge_includes":true,"use_matches":[],"orig_matches":[],"merge_matches":true,"use_excludes":[],"orig_excludes":[],"merge_excludes":true,"use_connects":[],"merge_connects":true,"use_blockers":[],"orig_run_at":"document-idle","orig_noframes":null,"orig_connects":[]}},"settings":{"enabled":false,"position":12},"meta":{"name":"AC-从Google Baidu Bing等搜索引擎结果中屏蔽自定义网站","uuid":"514b2267-d9c3-4d08-9442-aa229cde566f","modified":1511234912560,"file_url":"https://greasyfork.org/scripts/13408-ac-%E4%BB%8Egoogle-baidu-bing%E7%AD%89%E6%90%9C%E7%B4%A2%E5%BC%95%E6%93%8E%E7%BB%93%E6%9E%9C%E4%B8%AD%E5%B1%8F%E8%94%BD%E8%87%AA%E5%AE%9A%E4%B9%89%E7%BD%91%E7%AB%99/code/AC-%E4%BB%8EGoogle%20Baidu%20Bing%E7%AD%89%E6%90%9C%E7%B4%A2%E5%BC%95%E6%93%8E%E7%BB%93%E6%9E%9C%E4%B8%AD%E5%B1%8F%E8%94%BD%E8%87%AA%E5%AE%9A%E4%B9%89%E7%BD%91%E7%AB%99.user.js"}}