{"options":{"check_for_updates":true,"comment":null,"compatopts_for_requires":true,"compat_wrappedjsobject":false,"compat_metadata":false,"compat_foreach":false,"compat_arrayleft":false,"compat_uW_gmonkey":false,"compat_forvarin":false,"noframes":null,"awareOfChrome":false,"run_at":null,"override":{"use_includes":[],"orig_includes":["/^https?://(?:tieba\\.baidu\\.com|www\\.tieba\\.com)//"],"merge_includes":true,"use_matches":[],"orig_matches":[],"merge_matches":true,"use_excludes":[],"orig_excludes":[],"merge_excludes":true,"use_connects":[],"merge_connects":true,"use_blockers":[],"orig_run_at":"document-start","orig_noframes":null,"orig_connects":[]}},"settings":{"enabled":true,"position":65},"meta":{"name":"Baidu Tieba: No Login","uuid":"0da762a2-2536-497d-bca0-ef0765bcc4df","modified":1511240779939,"file_url":"https://greasyfork.org/scripts/14151-baidu-tieba-no-login/code/Baidu%20Tieba:%20No%20Login.user.js"}}