{"options":{"check_for_updates":true,"comment":null,"compatopts_for_requires":true,"compat_wrappedjsobject":true,"compat_metadata":false,"compat_foreach":false,"compat_arrayleft":false,"compat_uW_gmonkey":false,"compat_forvarin":false,"noframes":null,"awareOfChrome":false,"run_at":null,"override":{"use_includes":[],"orig_includes":["http://youtube.com/*","http://www.youtube.com/*","https://youtube.com/*","https://www.youtube.com/*"],"merge_includes":true,"use_matches":[],"orig_matches":[],"merge_matches":true,"use_excludes":[],"orig_excludes":[],"merge_excludes":true,"use_connects":[],"merge_connects":true,"use_blockers":[],"orig_run_at":"document-end","orig_noframes":null,"orig_connects":["youtube.com","www.youtube.com"]}},"settings":{"enabled":true,"position":13},"meta":{"name":"Bypass YouTube age verification Improved","uuid":"932ce2d9-6d9f-44b8-bad4-04a9366caf65","modified":1513651387907,"file_url":"https://greasyfork.org/scripts/3848-bypass-youtube-age-verification-improved/code/Bypass%20YouTube%20age%20verification%20Improved.user.js"}}