{"options":{"check_for_updates":true,"comment":null,"compatopts_for_requires":true,"compat_wrappedjsobject":false,"compat_metadata":false,"compat_foreach":false,"compat_arrayleft":false,"compat_uW_gmonkey":false,"compat_forvarin":false,"noframes":null,"awareOfChrome":false,"run_at":null,"override":{"use_includes":[],"orig_includes":[],"merge_includes":true,"use_matches":[],"orig_matches":["https://www.youtube.com/watch?v=*"],"merge_matches":true,"use_excludes":[],"orig_excludes":[],"merge_excludes":true,"use_connects":[],"merge_connects":true,"use_blockers":[],"orig_run_at":"document-idle","orig_noframes":null,"orig_connects":[]}},"settings":{"enabled":true,"position":15},"meta":{"name":"convert2mp3 Button (EN)","uuid":"46e8b329-4584-44d3-9e66-a15dbc4750aa","modified":1511234967069,"file_url":"https://greasyfork.org/scripts/23941-convert2mp3-button-en/code/convert2mp3%20Button%20(EN).user.js"}}