{"options":{"check_for_updates":true,"comment":null,"compatopts_for_requires":true,"compat_wrappedjsobject":false,"compat_metadata":false,"compat_foreach":false,"compat_arrayleft":false,"compat_uW_gmonkey":false,"compat_forvarin":false,"noframes":null,"awareOfChrome":false,"run_at":null,"override":{"use_includes":[],"orig_includes":["http://*","https://*"],"merge_includes":true,"use_matches":[],"orig_matches":[],"merge_matches":true,"use_excludes":["https://mega.nz*"],"orig_excludes":["http://maps.google.com/*","https://maps.google.com/*"],"merge_excludes":true,"use_connects":[],"merge_connects":true,"use_blockers":[],"orig_run_at":"document-idle","orig_noframes":null,"orig_connects":[]}},"settings":{"enabled":true,"position":17},"meta":{"name":"Enhanced word highlight","uuid":"1f88526a-077a-4bab-8ff3-60a0f883de4e","modified":1511235029714,"file_url":"https://greasyfork.org/scripts/7251-enhanced-word-highlight/code/Enhanced%20word%20highlight.user.js"}}