{"options":{"check_for_updates":true,"comment":null,"compatopts_for_requires":true,"compat_wrappedjsobject":false,"compat_metadata":false,"compat_foreach":false,"compat_arrayleft":false,"compat_uW_gmonkey":false,"compat_forvarin":false,"noframes":null,"awareOfChrome":false,"run_at":null,"override":{"use_includes":[],"orig_includes":["*"],"merge_includes":true,"use_matches":[],"orig_matches":[],"merge_matches":true,"use_excludes":[],"orig_excludes":[],"merge_excludes":true,"use_connects":[],"merge_connects":true,"use_blockers":[],"orig_run_at":"document-start","orig_noframes":null,"orig_connects":[]}},"settings":{"enabled":true,"position":24},"meta":{"name":"Lite Add button for Smooth Scroll to the top / bottom","uuid":"b77f176b-b1d4-43da-a1c9-7eb1d0df4144","modified":1511235247604,"file_url":"https://greasyfork.org/scripts/10357-lite-add-button-for-smooth-scroll-to-the-top-bottom/code/Lite%20Add%20button%20for%20Smooth%20Scroll%20to%20the%20top%20%20bottom.user.js"}}