{"options":{"check_for_updates":true,"comment":null,"compatopts_for_requires":true,"compat_wrappedjsobject":false,"compat_metadata":false,"compat_foreach":false,"compat_arrayleft":false,"compat_uW_gmonkey":false,"compat_forvarin":false,"noframes":null,"awareOfChrome":false,"run_at":null,"override":{"use_includes":[],"orig_includes":["http://*","https://*"],"merge_includes":true,"use_matches":[],"orig_matches":[],"merge_matches":true,"use_excludes":[],"orig_excludes":[],"merge_excludes":true,"use_connects":[],"merge_connects":true,"use_blockers":[],"orig_run_at":"document-end","orig_noframes":null,"orig_connects":["vk.com","vk.me","userapi.com","vk-cdn.net","youtube.com","youtube-nocookie.com","ytimg.com","googlevideo.com","video.google.com","google-analytics.com","dailymotion.com","vimeo.com","vimeocdn.com","odnoklassniki.ru","ok.ru","cdn-ok.com","mycdn.me","pladform.ru","clipyou.ru","soundcloud.com","sndcdn.com","mail.ru","cdninstagram.com","fbcdn.net","facebook.com","sf-helper.com","thetrafficstat.net","travelbar.tools","savefrom.net","self","*"]}},"settings":{"enabled":true,"position":28},"meta":{"name":"SaveFrom.net helper","uuid":"56320954-35b4-43b1-b3fb-40ff635813be","modified":1513651388160,"file_url":"https://download.sf-helper.com/chrome/helper.user.js"}}