{"ts":1513652941637,"data":{"onceTrackStat":"s{\"w\":0}","ummyDetected":"s{\"w\":0}","showUmmyLanding":"s{\"w\":1}","onceShowYtTooltip":"s{\"w\":1}","onceShowYtTutorial":"s{\"w\":1}","version":"s{\"w\":\"7.53.2\"}","onceTrackAviaBar":"s{\"w\":0}","dprm":"n1511235701353","dblTrack":"s{\"w\":\"31622c48-bc92-47c6-ba5b-3688c517e6d4,1513651798166\"}","liteStorage":"s{\"w\":{\"countryTimeout\":1513668460,\"lastVersion\":\"7.53.2\",\"lastVersionExpire\":1514256224,\"fromIdTimeout\":1511257301,\"trackTimeout\":1513694943,\"fromId\":-1,\"countryExpire\":1512282790}}","country":"s{\"w\":\"cn\"}","uuid":"s{\"w\":\"30649c9e-2e8c-45f9-bc73-7f6d289dc139\"}","lmMediaHosting":"s{\"w\":1}","sdc_data":"s{\"uid\":\"GXnEsrGQN7rghu1xQfMbJh0APNKKXo9N\",\"ses\":\"enYLUPEOrU5qXG61CiE7ulTh48mgyxr3\",\"browserName\":\"ff\",\"lastFocusedUrl\":\"\",\"prev\":\"https://greasyfork.org/zh-CN/scripts/22376-%E8%85%BE%E8%AE%AF%E8%A7%86%E9%A2%91h5\",\"tgt\":\"<a target=\\\"_blank\\\" title=\\\"女教师与学生结婚\\\" href=\\\"/s?wd=%E5%A5%B3%E6%95%99%E5%B8%88%E4%B8%8E%E5%AD%A6%E7%94%9F%E7%BB%93%E5%A9%9A&amp;tn=monline_dg&amp;usm=3&amp;ie=utf-8&amp;rsv_cq=123&amp;rsv_dl=0_right_toplist_20811\\\">女教师与学生结婚</a>\"}"}}