{"options":{"check_for_updates":true,"comment":null,"compatopts_for_requires":true,"compat_wrappedjsobject":false,"compat_metadata":false,"compat_foreach":false,"compat_arrayleft":false,"compat_uW_gmonkey":false,"compat_forvarin":false,"noframes":null,"awareOfChrome":false,"run_at":null,"override":{"use_includes":[],"orig_includes":["*google*","*baidu.com*","*bing.com*","*yandex.com*","*searx.me*","*so.com*","*sogou.com*","*youdao.com*","*soso.com*","*soku.com*","*bilibili.tv*","*acfun.tv*","*youtube.com*","*so.tv.sohu.com*","*so.letv.com*","*so.1ting.com*","*xiami.com*","*so.yinyuetai.com*","*pixiv.net*","*flickr.com*","*www.nicovideo.jp*","*cn.picsearch.com*","*deviantart.com*","*jpg4.info*","*yyets.com*","*baiduyun.me*","*oabt.org*","*ktxp.com*","*dmhy.org*","*shooter.cn*","*simplecd.me*","*ed2000.com*","*taobao.com*","*search.jd.com*","*search.suning.com*","*search.dangdang.com*","*amazon.cn*","*s.mall.360.cn*","*iciba.com*","*dict.cn*","*dict.hjenglish.com*","*zdic.net*","*wikipedia.org*","*zhihu.com*","*so.hudong.com*","*docin.com*","*ishare.iask.sina.com.cn*","*s.weibo.com*","*douban.com*","*search.t.qq.com*","*twitter.com*","*facebook.com*"],"merge_includes":true,"use_matches":[],"orig_matches":["*://*/*"],"merge_matches":true,"use_excludes":[],"orig_excludes":[],"merge_excludes":true,"use_connects":[],"merge_connects":true,"use_blockers":[],"orig_run_at":"document-start","orig_noframes":null,"orig_connects":[]}},"settings":{"enabled":true,"position":29},"meta":{"name":"searchEngineJump modified version from NLF","uuid":"31e3bf10-122f-4362-b889-6e69532d3c78","modified":1511235732661,"file_url":"https://greasyfork.org/scripts/18315-searchenginejump-modified-version-from-nlf/code/searchEngineJump%20modified%20version%20from%20NLF.user.js"}}