{"options":{"check_for_updates":true,"comment":null,"compatopts_for_requires":true,"compat_wrappedjsobject":false,"compat_metadata":false,"compat_foreach":false,"compat_arrayleft":false,"compat_uW_gmonkey":false,"compat_forvarin":false,"noframes":null,"awareOfChrome":false,"run_at":null,"override":{"use_includes":[],"orig_includes":["*google*","*baidu.com*","*bing.com*","*duckduckgo.com*","*youdao.com*","*so.com*","*soku.com*","*bilibili.tv*","*bilibili.com*","*acfun.tv*","*acfun.cn*","*youtube.com*","*so.tv.sohu.com*","*so.letv.com*","*so.1ting.com*","*xiami.com*","*music.163.com*","*music.qq.com*","*so.yinyuetai.com*","*pixiv.net*","*flickr.com*","*huaban.com*","*www.nicovideo.jp*","*cn.picsearch.com*","*deviantart.com*","*jpg4.info*","*yyets.com*","*baiduyun.me*","*oabt.org*","*ktxp.com*","*dmhy.org*","*shooter.cn*","*simplecd.me*","*ed2000.com*","*taobao.com*","*list.tmall.com*","*search.jd.com*","*search.suning.com*","*search.dangdang.com*","*search.yhd.com*","*amazon.cn*","*s.mall.360.cn*","*iciba.com*","*dict.cn*","*dict.hjenglish.com*","*zdic.net*","*wikipedia.org*","*zhihu.com*","*so.hudong.com*","*docin.com*","*ishare.iask.sina.com.cn*","*s.weibo.com*","*douban.com*","*search.t.qq.com*","*twitter.com*","*facebook.com*","*runoob.com*","*pinterest.com*","*github.com*"],"merge_includes":true,"use_matches":[],"orig_matches":["*://*/*"],"merge_matches":true,"use_excludes":[],"orig_excludes":[],"merge_excludes":true,"use_connects":[],"merge_connects":true,"use_blockers":[],"orig_run_at":"document-end","orig_noframes":null,"orig_connects":[]}},"settings":{"enabled":false,"position":30},"meta":{"name":"searchEngineJump 搜索引擎快捷跳转","uuid":"93276be8-3448-4076-a9db-130eaec11a54","modified":1513651389499,"file_url":"https://greasyfork.org/scripts/27752-searchenginejump-%E6%90%9C%E7%B4%A2%E5%BC%95%E6%93%8E%E5%BF%AB%E6%8D%B7%E8%B7%B3%E8%BD%AC/code/searchEngineJump%20%E6%90%9C%E7%B4%A2%E5%BC%95%E6%93%8E%E5%BF%AB%E6%8D%B7%E8%B7%B3%E8%BD%AC.user.js"}}