{"options":{"check_for_updates":true,"comment":null,"compatopts_for_requires":true,"compat_wrappedjsobject":false,"compat_metadata":false,"compat_foreach":false,"compat_arrayleft":false,"compat_uW_gmonkey":false,"compat_forvarin":false,"noframes":null,"awareOfChrome":false,"run_at":null,"override":{"use_includes":[],"orig_includes":["http*"],"merge_includes":true,"use_matches":[],"orig_matches":[],"merge_matches":true,"use_excludes":[],"orig_excludes":["http*://mail.google.com/*","http*://maps.google*","http*://www.google.com/reader*","http*://www.google.com/calendar*","https://docs.google.com/*","http*://app.yinxiang.com/*","http*://www.dropbox.com/*","http*://www.toodledo.com/*","http://cloud.feedly.com/*","http://weibo.com/*","http://w.qq.com/*","http://web2.qq.com/*","http://openapi.qzone.qq.com/*","http://*cloud.vip.xunlei.com/*","http*://www.wumii.com/*","http://pan.baidu.com/*","http://yun.baidu.com/*","http://www.cnbeta.com/*","http://www.youku.com/","http://v.youku.com/*","http://www.iqiyi.com/*","http://www.duokan.com/reader/*"],"merge_excludes":true,"use_connects":[],"merge_connects":true,"use_blockers":[],"orig_run_at":"document-idle","orig_noframes":null,"orig_connects":[]}},"settings":{"enabled":true,"position":34},"meta":{"name":"Super_preloaderPlus_one","uuid":"3a91a0ca-bce3-4b42-bbb9-86b60354a46c","modified":1511235823710,"file_url":"https://greasyfork.org/scripts/10433-super-preloaderplus-one/code/Super_preloaderPlus_one.user.js"}}