{"options":{"check_for_updates":true,"comment":null,"compatopts_for_requires":true,"compat_wrappedjsobject":false,"compat_metadata":false,"compat_foreach":false,"compat_arrayleft":false,"compat_uW_gmonkey":false,"compat_forvarin":false,"noframes":null,"awareOfChrome":false,"run_at":null,"override":{"use_includes":[],"orig_includes":["*"],"merge_includes":true,"use_matches":[],"orig_matches":[],"merge_matches":true,"use_excludes":[],"orig_excludes":["*pan.baidu.com/*","*renren.com/*","*exhentai.org/*","*music.google.com/*","*play.google.com/music/*","*mail.google.com/*","*docs.google.com/*","*www.google.*","*acid3.acidtests.org/*","*.163.com/*","*.alipay.com/*"],"merge_excludes":true,"use_connects":[],"merge_connects":true,"use_blockers":[],"orig_run_at":"document-idle","orig_noframes":null,"orig_connects":[]}},"settings":{"enabled":true,"position":8},"meta":{"name":"Text To link","uuid":"f4a2fa22-4f8c-4ada-ad73-0174c21c3961","modified":1511234778326,"file_url":"https://greasyfork.org/scripts/342-text-to-link/code/Text%20To%20link.user.js"}}