{"options":{"check_for_updates":true,"comment":null,"compatopts_for_requires":true,"compat_wrappedjsobject":false,"compat_metadata":false,"compat_foreach":false,"compat_arrayleft":false,"compat_uW_gmonkey":false,"compat_forvarin":false,"noframes":null,"awareOfChrome":false,"run_at":null,"override":{"use_includes":[],"orig_includes":["http://www.baidu.com/","https://www.baidu.com/","http://www.baidu.com/?vit=1","http://www.baidu.com/index.php?tn=baiduhome_pg","http*//tieba.baidu.com/f*kw=*"],"merge_includes":true,"use_matches":[],"orig_matches":[],"merge_matches":true,"use_excludes":[],"orig_excludes":[],"merge_excludes":true,"use_connects":[],"merge_connects":true,"use_blockers":[],"orig_run_at":"document-idle","orig_noframes":null,"orig_connects":[]}},"settings":{"enabled":true,"position":33},"meta":{"name":"tiebaAllsign","uuid":"515806e5-a4cb-40a3-bbce-ce0526b9b774","modified":1511235811655,"file_url":"https://greasyfork.org/scripts/152-tiebaallsign/code/tiebaAllsign.user.js"}}