{"options":{"check_for_updates":true,"comment":null,"compatopts_for_requires":true,"compat_wrappedjsobject":false,"compat_metadata":false,"compat_foreach":false,"compat_arrayleft":false,"compat_uW_gmonkey":false,"compat_forvarin":false,"noframes":null,"awareOfChrome":false,"run_at":null,"override":{"use_includes":[],"orig_includes":["http://*","https://*"],"merge_includes":true,"use_matches":[],"orig_matches":[],"merge_matches":true,"use_excludes":[],"orig_excludes":["http://192.168.*"],"merge_excludes":true,"use_connects":[],"merge_connects":true,"use_blockers":[],"orig_run_at":"document-body","orig_noframes":null,"orig_connects":[]}},"settings":{"enabled":true,"position":31},"meta":{"name":"True URL downloads","uuid":"0e2f51ad-2ac4-4f5d-befb-766bf3298de0","modified":1511235787542,"file_url":"https://greasyfork.org/scripts/7362-true-url-downloads/code/True%20URL%20downloads.user.js"}}