{"options":{"check_for_updates":true,"comment":null,"compatopts_for_requires":true,"compat_wrappedjsobject":false,"compat_metadata":false,"compat_foreach":false,"compat_arrayleft":false,"compat_uW_gmonkey":false,"compat_forvarin":false,"noframes":null,"awareOfChrome":false,"run_at":null,"override":{"use_includes":[],"orig_includes":["http*://greasyfork.org/scripts*","http*://greasyfork.org/*/scripts*","http*://userscripts.org*/scripts*","http*://userscripts-mirror.org*/scripts*","http*://www.webextender.net*/scripts*"],"merge_includes":true,"use_matches":[],"orig_matches":[],"merge_matches":true,"use_excludes":[],"orig_excludes":[],"merge_excludes":true,"use_connects":[],"merge_connects":true,"use_blockers":[],"orig_run_at":"document-end","orig_noframes":null,"orig_connects":[]}},"settings":{"enabled":true,"position":36},"meta":{"name":"userscripts 只显示中文","uuid":"f979c65e-a336-4bcf-8fe6-0c1c0265075d","modified":1511235933134,"file_url":"https://greasyfork.org/scripts/305-userscripts-%E5%8F%AA%E6%98%BE%E7%A4%BA%E4%B8%AD%E6%96%87/code/userscripts%20%E5%8F%AA%E6%98%BE%E7%A4%BA%E4%B8%AD%E6%96%87.user.js"}}