{"options":{"check_for_updates":true,"comment":null,"compatopts_for_requires":true,"compat_wrappedjsobject":false,"compat_metadata":false,"compat_foreach":false,"compat_arrayleft":false,"compat_uW_gmonkey":false,"compat_forvarin":false,"noframes":null,"awareOfChrome":false,"run_at":null,"override":{"use_includes":[],"orig_includes":["http*"],"merge_includes":true,"use_matches":[],"orig_matches":[],"merge_matches":true,"use_excludes":[],"orig_excludes":["https://www.youtube.com/*","http://*.dj92cc.com/*","http://*.yinyuetai.com/*"],"merge_excludes":true,"use_connects":[],"merge_connects":true,"use_blockers":[],"orig_run_at":"document-idle","orig_noframes":null,"orig_connects":[]}},"settings":{"enabled":false,"position":37},"meta":{"name":"vipVideos_skipAd","uuid":"776a99ba-3d9b-435d-8425-c07422c8e089","modified":1511235970290,"file_url":"https://greasyfork.org/scripts/8561-vipvideos-skipad/code/vipVideos_skipAd.user.js"}}