{"options":{"check_for_updates":true,"comment":null,"compatopts_for_requires":true,"compat_wrappedjsobject":false,"compat_metadata":false,"compat_foreach":false,"compat_arrayleft":false,"compat_uW_gmonkey":false,"compat_forvarin":false,"noframes":null,"awareOfChrome":false,"run_at":null,"override":{"use_includes":[],"orig_includes":[],"merge_includes":true,"use_matches":[],"orig_matches":["*://v.youku.com/v_show/*","*://*.iqiyi.com/v_*","*://*.iqiyi.com/dianying/*","*://*.le.com/ptv/vplay/*","*://v.qq.com/x/cover/*","*://v.qq.com/x/page/*","*://*.tudou.com/listplay/*","*://*.tudou.com/albumplay/*","*://*.tudou.com/programs/view/*","*://*.mgtv.com/b/*","*://film.sohu.com/album/*","*://*.acfun.cn/v/*","*://*.bilibili.com/video/*","*://*.bilibili.com/anime/*","*://vip.pptv.com/show/*","*://v.yinyuetai.com/video/*","*://v.yinyuetai.com/playlist/*","*://*.wasu.cn/Play/show/*","*://v.renrenfabu.com/*"],"merge_matches":true,"use_excludes":[],"orig_excludes":[],"merge_excludes":true,"use_connects":[],"merge_connects":true,"use_blockers":[],"orig_run_at":"document-end","orig_noframes":null,"orig_connects":[]}},"settings":{"enabled":true,"position":39},"meta":{"name":"VIP视频在线解析-全网视频解析","uuid":"d3bd9f99-5fab-4411-abf5-39bfff9bae94","modified":1511236003493,"file_url":"https://greasyfork.org/scripts/32004-vip%E8%A7%86%E9%A2%91%E5%9C%A8%E7%BA%BF%E8%A7%A3%E6%9E%90-%E5%85%A8%E7%BD%91%E8%A7%86%E9%A2%91%E8%A7%A3%E6%9E%90/code/VIP%E8%A7%86%E9%A2%91%E5%9C%A8%E7%BA%BF%E8%A7%A3%E6%9E%90-%E5%85%A8%E7%BD%91%E8%A7%86%E9%A2%91%E8%A7%A3%E6%9E%90.user.js"}}