{"options":{"check_for_updates":true,"comment":null,"compatopts_for_requires":true,"compat_wrappedjsobject":false,"compat_metadata":false,"compat_foreach":false,"compat_arrayleft":false,"compat_uW_gmonkey":false,"compat_forvarin":false,"noframes":null,"awareOfChrome":false,"run_at":null,"override":{"use_includes":[],"orig_includes":[],"merge_includes":true,"use_matches":[],"orig_matches":["http://www.youtube.com/*","https://www.youtube.com/*"],"merge_matches":true,"use_excludes":[],"orig_excludes":[],"merge_excludes":true,"use_connects":[],"merge_connects":true,"use_blockers":[],"orig_run_at":"document-idle","orig_noframes":null,"orig_connects":[]}},"settings":{"enabled":true,"position":44},"meta":{"name":"Youtube to MP3 using Peggo","uuid":"af63f408-8db2-4029-8564-db237901c4ac","modified":1511236183413,"file_url":"https://greasyfork.org/scripts/19797-youtube-to-mp3-using-peggo/code/Youtube%20to%20MP3%20using%20Peggo.user.js"}}