{"options":{"check_for_updates":true,"comment":null,"compatopts_for_requires":true,"compat_wrappedjsobject":false,"compat_metadata":false,"compat_foreach":false,"compat_arrayleft":false,"compat_uW_gmonkey":false,"compat_forvarin":false,"noframes":null,"awareOfChrome":false,"run_at":null,"override":{"use_includes":[],"orig_includes":["http://www.youtube.com/*","https://www.youtube.com/*","http://youtube.com/*","https://youtube.com/*","http://apis.google.com/*/widget/render/comments?*","https://apis.google.com/*/widget/render/comments?*","http://plus.googleapis.com/*/widget/render/comments?*","https://plus.googleapis.com/*/widget/render/comments?*"],"merge_includes":true,"use_matches":[],"orig_matches":["http://www.youtube.com/*","https://www.youtube.com/*","http://youtube.com/*","https://youtube.com/*","https://yeppha.github.io/downloads/YouTubeCenter.meta.js","http://s.ytimg.com/yts/jsbin/*","https://s.ytimg.com/yts/jsbin/*","https://raw.github.com/YePpHa/YouTubeCenter/master/*","https://raw.githubusercontent.com/YePpHa/YouTubeCenter/master/*","http://raw.github.com/YePpHa/YouTubeCenter/master/*","http://raw.githubusercontent.com/YePpHa/YouTubeCenter/master/*","http://apis.google.com/*/widget/render/comments?*","https://apis.google.com/*/widget/render/comments?*","http://plus.googleapis.com/*/widget/render/comments?*","https://plus.googleapis.com/*/widget/render/comments?*"],"merge_matches":true,"use_excludes":[],"orig_excludes":["http://apiblog.youtube.com/*","https://apiblog.youtube.com/*","http://*.youtube.com/subscribe_embed?*","https://*.youtube.com/subscribe_embed?*"],"merge_excludes":true,"use_connects":[],"merge_connects":true,"use_blockers":[],"orig_run_at":"document-start","orig_noframes":null,"orig_connects":["yeppha.github.io","youtube.com","www.youtube.com","gdata.youtube.com","apis.google.com","plus.googleapis.com","googleapis.com","raw.github.com","raw2.github.com","raw.githubusercontent.com","s.ytimg.com"]}},"settings":{"enabled":true,"position":43},"meta":{"name":"YouTube Center","uuid":"3710354d-ee2a-473b-960a-5c5371b9cecf","modified":1511236167345,"file_url":"https://yeppha.github.io/downloads/YouTubeCenter.user.js"}}