{"ts":1511241704297,"data":{"particleSettings":"s{\"GEN_BTTR_NTF\":true,\"GEN_SUB_LIST\":true,\"GEN_INF_SCRL\":true,\"GEN_BLUE_GLOW\":true,\"GEN_PPOT_ON\":true,\"VID_END_SHRE\":true,\"VID_DFLT_QLTY\":\"auto\",\"VID_PLST_ATPL\":true,\"VID_PLST_RVRS\":true,\"VID_PLR_ATPL\":true,\"VID_PLR_ALVIS\":true,\"VID_PLR_SIZE_MEM\":true,\"VID_PLR_VOL_LDN\":true,\"VID_POST_TIME\":true,\"VID_VID_CNT\":true,\"VID_DESC_SHRT\":true,\"VID_PPOT_SZ\":533,\"VID_PLR_HTML5\":true,\"BLK_ON\":true,\"floaterX\":2000,\"floaterY\":2000,\"firstTime\":true,\"volLev\":50,\"advOpts\":true,\"blacklist\":[],\"extLang\":{\"nextCheck\":1511846367149},\"fullBrs\":false,\"theaterMode\":true}"}}