{"options":{"check_for_updates":true,"comment":null,"compatopts_for_requires":true,"compat_wrappedjsobject":false,"compat_metadata":false,"compat_foreach":false,"compat_arrayleft":false,"compat_uW_gmonkey":false,"compat_forvarin":false,"noframes":null,"awareOfChrome":false,"run_at":null,"override":{"use_includes":[],"orig_includes":["http://*"],"merge_includes":true,"use_matches":[],"orig_matches":[],"merge_matches":true,"use_excludes":[],"orig_excludes":[],"merge_excludes":true,"use_connects":[],"merge_connects":true,"use_blockers":[],"orig_run_at":"document-end","orig_noframes":null,"orig_connects":[]}},"settings":{"enabled":true,"position":45},"meta":{"name":"下载一键通","uuid":"feaca221-cbf6-4ec0-a2de-cf8c52887d80","modified":1511236196343,"file_url":"https://greasyfork.org/scripts/2510-%E4%B8%8B%E8%BD%BD%E4%B8%80%E9%94%AE%E9%80%9A/code/%E4%B8%8B%E8%BD%BD%E4%B8%80%E9%94%AE%E9%80%9A.user.js"}}