{"options":{"check_for_updates":true,"comment":null,"compatopts_for_requires":true,"compat_wrappedjsobject":false,"compat_metadata":false,"compat_foreach":false,"compat_arrayleft":false,"compat_uW_gmonkey":false,"compat_forvarin":false,"noframes":null,"awareOfChrome":false,"run_at":null,"override":{"use_includes":[],"orig_includes":[],"merge_includes":true,"use_matches":[],"orig_matches":["*://*.iqiyi.com/*","*://*.youku.com/*","*://*.le.com/*","*://*.letv.com/*","*://v.qq.com/*","*://*.tudou.com/*","*://*.mgtv.com/*","*://film.sohu.com/*","*://tv.sohu.com/*","*://*.acfun.cn/v/*","*://*.bilibili.com/*","*://vip.1905.com/play/*","*://*.pptv.com/*","*://v.yinyuetai.com/video/*","*://v.yinyuetai.com/playlist/*","*://*.fun.tv/vplay/*","*://*.wasu.cn/Play/show/*","*://*.56.com/*"],"merge_matches":true,"use_excludes":[],"orig_excludes":["*://*.bilibili.com/blackboard/*"],"merge_excludes":true,"use_connects":[],"merge_connects":true,"use_blockers":[],"orig_run_at":"document-idle","orig_noframes":null,"orig_connects":[]}},"settings":{"enabled":true,"position":46},"meta":{"name":"全网VIP视频破解 会员视频播放集合","uuid":"010c1c88-1a97-48cb-8bb3-580ae0bc4b29","modified":1511236207319,"file_url":"https://greasyfork.org/scripts/32022-%E5%85%A8%E7%BD%91vip%E8%A7%86%E9%A2%91%E7%A0%B4%E8%A7%A3-%E4%BC%9A%E5%91%98%E8%A7%86%E9%A2%91%E6%92%AD%E6%94%BE%E9%9B%86%E5%90%88/code/%E5%85%A8%E7%BD%91VIP%E8%A7%86%E9%A2%91%E7%A0%B4%E8%A7%A3%20%E4%BC%9A%E5%91%98%E8%A7%86%E9%A2%91%E6%92%AD%E6%94%BE%E9%9B%86%E5%90%88.user.js"}}