{"options":{"check_for_updates":true,"comment":null,"compatopts_for_requires":true,"compat_wrappedjsobject":false,"compat_metadata":false,"compat_foreach":false,"compat_arrayleft":false,"compat_uW_gmonkey":false,"compat_forvarin":false,"noframes":null,"awareOfChrome":false,"run_at":null,"override":{"use_includes":[],"orig_includes":["*.kafan.cn/forum-*.html","*.kafan.cn/forum.php?mod=forumdisplay*"],"merge_includes":true,"use_matches":[],"orig_matches":[],"merge_matches":true,"use_excludes":[],"orig_excludes":[],"merge_excludes":true,"use_connects":[],"merge_connects":true,"use_blockers":[],"orig_run_at":"document-end","orig_noframes":null,"orig_connects":[]}},"settings":{"enabled":true,"position":47},"meta":{"name":"卡饭头像","uuid":"f9d69999-eff0-4c22-895b-2bb8cf82dae8","modified":1511236221652,"file_url":"https://greasyfork.org/scripts/13349-%E5%8D%A1%E9%A5%AD%E5%A4%B4%E5%83%8F/code/%E5%8D%A1%E9%A5%AD%E5%A4%B4%E5%83%8F.user.js"}}