{"options":{"check_for_updates":true,"comment":null,"compatopts_for_requires":true,"compat_wrappedjsobject":false,"compat_metadata":false,"compat_foreach":false,"compat_arrayleft":false,"compat_uW_gmonkey":false,"compat_forvarin":false,"noframes":null,"awareOfChrome":false,"run_at":null,"override":{"use_includes":[],"orig_includes":[],"merge_includes":true,"use_matches":[],"orig_matches":["http://ext.chrome.360.cn/*","https://ext.chrome.360.cn/*"],"merge_matches":true,"use_excludes":[],"orig_excludes":[],"merge_excludes":true,"use_connects":[],"merge_connects":true,"use_blockers":[],"orig_run_at":"body-start","orig_noframes":null,"orig_connects":[]}},"settings":{"enabled":true,"position":48},"meta":{"name":"去除360极速扩展中心限制","uuid":"9a90aa9c-4efd-4342-83cb-5d9a0f5a8920","modified":1511236232135,"file_url":"https://greasyfork.org/scripts/20663-%E5%8E%BB%E9%99%A4360%E6%9E%81%E9%80%9F%E6%89%A9%E5%B1%95%E4%B8%AD%E5%BF%83%E9%99%90%E5%88%B6/code/%E5%8E%BB%E9%99%A4360%E6%9E%81%E9%80%9F%E6%89%A9%E5%B1%95%E4%B8%AD%E5%BF%83%E9%99%90%E5%88%B6.user.js"}}