{"options":{"check_for_updates":true,"comment":null,"compatopts_for_requires":true,"compat_wrappedjsobject":false,"compat_metadata":false,"compat_foreach":false,"compat_arrayleft":false,"compat_uW_gmonkey":false,"compat_forvarin":false,"noframes":null,"awareOfChrome":false,"run_at":null,"override":{"use_includes":[],"orig_includes":[],"merge_includes":true,"use_matches":[],"orig_matches":["*://*.iqiyi.com/v_*","*://v.youku.com/*","*://*.le.com/*","*://v.qq.com/*","*://*.tudou.com/*","*://*.mgtv.com/*","*://film.sohu.com/*","*://*.acfun.cn/v/*","*://*.bilibili.com/video/*","*://vip.1905.com/play/*","*://vip.pptv.com/show/*","*://v.yinyuetai.com/video/*","*://v.yinyuetai.com/playlist/*","*://*.fun.tv/vplay/*","*://*.wasu.cn/Play/show/*"],"merge_matches":true,"use_excludes":[],"orig_excludes":[],"merge_excludes":true,"use_connects":[],"merge_connects":true,"use_blockers":[],"orig_run_at":"document-idle","orig_noframes":null,"orig_connects":[]}},"settings":{"enabled":false,"position":49},"meta":{"name":"各大视频站VIP会员地址解析播放","uuid":"7edc6ad9-0ce6-4178-8d2d-553a6e7b6912","modified":1511236247854,"file_url":"https://greasyfork.org/scripts/27858-%E5%90%84%E5%A4%A7%E8%A7%86%E9%A2%91%E7%AB%99vip%E4%BC%9A%E5%91%98%E5%9C%B0%E5%9D%80%E8%A7%A3%E6%9E%90%E6%92%AD%E6%94%BE/code/%E5%90%84%E5%A4%A7%E8%A7%86%E9%A2%91%E7%AB%99VIP%E4%BC%9A%E5%91%98%E5%9C%B0%E5%9D%80%E8%A7%A3%E6%9E%90%E6%92%AD%E6%94%BE.user.js"}}