{"options":{"check_for_updates":true,"comment":null,"compatopts_for_requires":true,"compat_wrappedjsobject":false,"compat_metadata":false,"compat_foreach":false,"compat_arrayleft":false,"compat_uW_gmonkey":false,"compat_forvarin":false,"noframes":null,"awareOfChrome":false,"run_at":null,"override":{"use_includes":[],"orig_includes":["*ctfile.com*","*pipipan.com*","*6pan.cc/file-*html","*666pan.cc/file-*html","*777pan.cc/file-*html","*888pan.cc/file-*html"],"merge_includes":true,"use_matches":[],"orig_matches":[],"merge_matches":true,"use_excludes":[],"orig_excludes":[],"merge_excludes":true,"use_connects":[],"merge_connects":true,"use_blockers":[],"orig_run_at":"document-idle","orig_noframes":null,"orig_connects":[]}},"settings":{"enabled":true,"position":53},"meta":{"name":"城通网盘、皮皮盘、牛盘显示正确下载地址","uuid":"60ad8a24-13b3-417d-bec4-e5d842f4460d","modified":1511240515170,"file_url":"https://greasyfork.org/scripts/25270-%E5%9F%8E%E9%80%9A%E7%BD%91%E7%9B%98-%E7%9A%AE%E7%9A%AE%E7%9B%98-%E7%89%9B%E7%9B%98%E6%98%BE%E7%A4%BA%E6%AD%A3%E7%A1%AE%E4%B8%8B%E8%BD%BD%E5%9C%B0%E5%9D%80/code/%E5%9F%8E%E9%80%9A%E7%BD%91%E7%9B%98%E3%80%81%E7%9A%AE%E7%9A%AE%E7%9B%98%E3%80%81%E7%89%9B%E7%9B%98%E6%98%BE%E7%A4%BA%E6%AD%A3%E7%A1%AE%E4%B8%8B%E8%BD%BD%E5%9C%B0%E5%9D%80.user.js"}}