{"options":{"check_for_updates":true,"comment":null,"compatopts_for_requires":true,"compat_wrappedjsobject":false,"compat_metadata":false,"compat_foreach":false,"compat_arrayleft":false,"compat_uW_gmonkey":false,"compat_forvarin":false,"noframes":null,"awareOfChrome":false,"run_at":null,"override":{"use_includes":[],"orig_includes":[],"merge_includes":true,"use_matches":[],"orig_matches":["*://movie.douban.com/subject/*","*://www.yugaopian.cn/movie/*","*://movie.mtime.com/*"],"merge_matches":true,"use_excludes":[],"orig_excludes":[],"merge_excludes":true,"use_connects":[],"merge_connects":true,"use_blockers":[],"orig_run_at":"document-end","orig_noframes":null,"orig_connects":[]}},"settings":{"enabled":true,"position":57},"meta":{"name":"疯狂影视搜索","uuid":"b77b8f05-7ff6-41d8-bcab-d16d1121006d","modified":1511240594337,"file_url":"https://greasyfork.org/scripts/30363-%E7%96%AF%E7%8B%82%E5%BD%B1%E8%A7%86%E6%90%9C%E7%B4%A2/code/%E7%96%AF%E7%8B%82%E5%BD%B1%E8%A7%86%E6%90%9C%E7%B4%A2.user.js"}}