{"options":{"check_for_updates":true,"comment":null,"compatopts_for_requires":true,"compat_wrappedjsobject":false,"compat_metadata":false,"compat_foreach":false,"compat_arrayleft":false,"compat_uW_gmonkey":false,"compat_forvarin":false,"noframes":null,"awareOfChrome":false,"run_at":null,"override":{"use_includes":[],"orig_includes":["*://pan.baidu.com/disk/home*"],"merge_includes":true,"use_matches":[],"orig_matches":[],"merge_matches":true,"use_excludes":[],"orig_excludes":[],"merge_excludes":true,"use_connects":[],"merge_connects":true,"use_blockers":[],"orig_run_at":"document-idle","orig_noframes":null,"orig_connects":[]}},"settings":{"enabled":true,"position":58},"meta":{"name":"百度云下载直连","uuid":"59168c22-b733-4846-b08d-4823836bc490","modified":1511240606013,"file_url":"https://greasyfork.org/scripts/26642-%E7%99%BE%E5%BA%A6%E4%BA%91%E4%B8%8B%E8%BD%BD%E7%9B%B4%E8%BF%9E/code/%E7%99%BE%E5%BA%A6%E4%BA%91%E4%B8%8B%E8%BD%BD%E7%9B%B4%E8%BF%9E.user.js"}}