{"options":{"check_for_updates":true,"comment":null,"compatopts_for_requires":true,"compat_wrappedjsobject":false,"compat_metadata":false,"compat_foreach":false,"compat_arrayleft":false,"compat_uW_gmonkey":false,"compat_forvarin":false,"noframes":null,"awareOfChrome":false,"run_at":null,"override":{"use_includes":[],"orig_includes":[],"merge_includes":true,"use_matches":[],"orig_matches":["*://pan.baidu.com/disk/home*","*://yun.baidu.com/disk/home*","*://pan.baidu.com/s/*","*://yun.baidu.com/s/*","*://pan.baidu.com/share/link?*","*://yun.baidu.com/share/link?*","*://eyun.baidu.com/s/*"],"merge_matches":true,"use_excludes":[],"orig_excludes":[],"merge_excludes":true,"use_connects":[],"merge_connects":true,"use_blockers":[],"orig_run_at":"document-end","orig_noframes":null,"orig_connects":[]}},"settings":{"enabled":true,"position":59},"meta":{"name":"百度云解析 blog.tsyinpin.com 优化版","uuid":"56c240f3-bc35-483b-a5ea-33d39e5b1b8f","modified":1511240618213,"file_url":"https://greasyfork.org/scripts/29796-%E7%99%BE%E5%BA%A6%E4%BA%91%E8%A7%A3%E6%9E%90-blog-tsyinpin-com-%E4%BC%98%E5%8C%96%E7%89%88/code/%E7%99%BE%E5%BA%A6%E4%BA%91%E8%A7%A3%E6%9E%90%20blogtsyinpincom%20%E4%BC%98%E5%8C%96%E7%89%88.user.js"}}