{"options":{"check_for_updates":true,"comment":null,"compatopts_for_requires":true,"compat_wrappedjsobject":false,"compat_metadata":false,"compat_foreach":false,"compat_arrayleft":false,"compat_uW_gmonkey":false,"compat_forvarin":false,"noframes":null,"awareOfChrome":false,"run_at":null,"override":{"use_includes":[],"orig_includes":[],"merge_includes":true,"use_matches":[],"orig_matches":["*://pan.baidu.com/*","*://yun.baidu.com/*"],"merge_matches":true,"use_excludes":[],"orig_excludes":[],"merge_excludes":true,"use_connects":[],"merge_connects":true,"use_blockers":[],"orig_run_at":"document-idle","orig_noframes":null,"orig_connects":[]}},"settings":{"enabled":true,"position":60},"meta":{"name":"百度盘直接下载","uuid":"58189b06-4e6e-4e01-9dac-3997694f7e04","modified":1511240630342,"file_url":"https://greasyfork.org/scripts/13638-%E7%99%BE%E5%BA%A6%E7%9B%98%E7%9B%B4%E6%8E%A5%E4%B8%8B%E8%BD%BD/code/%E7%99%BE%E5%BA%A6%E7%9B%98%E7%9B%B4%E6%8E%A5%E4%B8%8B%E8%BD%BD.user.js"}}