{"options":{"check_for_updates":true,"comment":null,"compatopts_for_requires":true,"compat_wrappedjsobject":false,"compat_metadata":false,"compat_foreach":false,"compat_arrayleft":false,"compat_uW_gmonkey":false,"compat_forvarin":false,"noframes":null,"awareOfChrome":false,"run_at":null,"override":{"use_includes":[],"orig_includes":[],"merge_includes":true,"use_matches":[],"orig_matches":["https://www.zhihu.com/*"],"merge_matches":true,"use_excludes":[],"orig_excludes":[],"merge_excludes":true,"use_connects":[],"merge_connects":true,"use_blockers":[],"orig_run_at":"document-start","orig_noframes":null,"orig_connects":[]}},"settings":{"enabled":true,"position":66},"meta":{"name":"知乎 ReFine","uuid":"e80fb5ba-b87e-4143-bce5-d5962aa7531c","modified":1511240796500,"file_url":"https://greasyfork.org/scripts/16384-%E7%9F%A5%E4%B9%8E-refine/code/%E7%9F%A5%E4%B9%8E%20ReFine.user.js"}}