{"options":{"check_for_updates":true,"comment":null,"compatopts_for_requires":true,"compat_wrappedjsobject":false,"compat_metadata":false,"compat_foreach":false,"compat_arrayleft":false,"compat_uW_gmonkey":false,"compat_forvarin":false,"noframes":null,"awareOfChrome":false,"run_at":null,"override":{"use_includes":[],"orig_includes":["http://www.360doc.com/*"],"merge_includes":true,"use_matches":[],"orig_matches":[],"merge_matches":true,"use_excludes":[],"orig_excludes":[],"merge_excludes":true,"use_connects":[],"merge_connects":true,"use_blockers":[],"orig_run_at":"document-end","orig_noframes":null,"orig_connects":[]}},"settings":{"enabled":true,"position":67},"meta":{"name":"破解360doc防止复制","uuid":"b1490d18-9365-4cd0-a4a4-b71f386e19c3","modified":1511240825163,"file_url":"https://greasyfork.org/scripts/26486-%E7%A0%B4%E8%A7%A3360doc%E9%98%B2%E6%AD%A2%E5%A4%8D%E5%88%B6/code/%E7%A0%B4%E8%A7%A3360doc%E9%98%B2%E6%AD%A2%E5%A4%8D%E5%88%B6.user.js"}}