{"options":{"check_for_updates":true,"comment":null,"compatopts_for_requires":true,"compat_wrappedjsobject":false,"compat_metadata":false,"compat_foreach":false,"compat_arrayleft":false,"compat_uW_gmonkey":false,"compat_forvarin":false,"noframes":null,"awareOfChrome":false,"run_at":null,"override":{"use_includes":[],"orig_includes":[],"merge_includes":true,"use_matches":[],"orig_matches":["*://v.youku.com/v_show/*","*://*.iqiyi.com/v_*","*://*.iqiyi.com/dianying/*","*://*.le.com/ptv/vplay/*","*://v.qq.com/x/cover/*","*://v.qq.com/x/page/*","*://*.tudou.com/listplay/*","*://*.tudou.com/albumplay/*","*://*.tudou.com/programs/view/*","*://*.mgtv.com/b/*","*://film.sohu.com/album/*","*://*.acfun.cn/v/*","*://*.bilibili.com/video/*","*://*.bilibili.com/anime/*","*://vip.pptv.com/show/*","*://v.yinyuetai.com/video/*","*://v.yinyuetai.com/playlist/*","*://*.wasu.cn/Play/show/*","*://pupudy.com/*"],"merge_matches":true,"use_excludes":[],"orig_excludes":[],"merge_excludes":true,"use_connects":[],"merge_connects":true,"use_blockers":[],"orig_run_at":"document-end","orig_noframes":null,"orig_connects":[]}},"settings":{"enabled":true,"position":69},"meta":{"name":"破解全网VIP视频会员-去广告","uuid":"fef2fd26-41b1-41ec-aafe-ff3c8da06c14","modified":1511240848727,"file_url":"https://greasyfork.org/scripts/30659-%E7%A0%B4%E8%A7%A3%E5%85%A8%E7%BD%91vip%E8%A7%86%E9%A2%91%E4%BC%9A%E5%91%98-%E5%8E%BB%E5%B9%BF%E5%91%8A/code/%E7%A0%B4%E8%A7%A3%E5%85%A8%E7%BD%91VIP%E8%A7%86%E9%A2%91%E4%BC%9A%E5%91%98-%E5%8E%BB%E5%B9%BF%E5%91%8A.user.js"}}