{"options":{"check_for_updates":true,"comment":null,"compatopts_for_requires":true,"compat_wrappedjsobject":false,"compat_metadata":false,"compat_foreach":false,"compat_arrayleft":false,"compat_uW_gmonkey":false,"compat_forvarin":false,"noframes":null,"awareOfChrome":false,"run_at":null,"override":{"use_includes":[],"orig_includes":["*"],"merge_includes":true,"use_matches":[],"orig_matches":[],"merge_matches":true,"use_excludes":[],"orig_excludes":[],"merge_excludes":true,"use_connects":[],"merge_connects":true,"use_blockers":[],"orig_run_at":"document-idle","orig_noframes":null,"orig_connects":[]}},"settings":{"enabled":true,"position":70},"meta":{"name":"繁簡自由切換","uuid":"938c1344-0e00-4bc8-8578-005ba038d3e1","modified":1511240861592,"file_url":"https://greasyfork.org/scripts/24300-switch-traditional-chinese-and-simplified-chinese/code/Switch%20Traditional%20Chinese%20and%20Simplified%20Chinese.user.js"}}