{"options":{"check_for_updates":true,"comment":null,"compatopts_for_requires":true,"compat_wrappedjsobject":false,"compat_metadata":false,"compat_foreach":false,"compat_arrayleft":false,"compat_uW_gmonkey":false,"compat_forvarin":false,"noframes":null,"awareOfChrome":false,"run_at":null,"override":{"use_includes":[],"orig_includes":[],"merge_includes":true,"use_matches":[],"orig_matches":["*://pan.baidu.com/*","*://yun.baidu.com/*"],"merge_matches":true,"use_excludes":[],"orig_excludes":[],"merge_excludes":true,"use_connects":[],"merge_connects":true,"use_blockers":[],"orig_run_at":"document-idle","orig_noframes":null,"orig_connects":[]}},"settings":{"enabled":true,"position":71},"meta":{"name":"绕过百度网盘大文件下载限制","uuid":"c531fc86-8786-4ada-aaed-7c5e2bc019b3","modified":1511240874263,"file_url":"https://greasyfork.org/scripts/18660-%E7%BB%95%E8%BF%87%E7%99%BE%E5%BA%A6%E7%BD%91%E7%9B%98%E5%A4%A7%E6%96%87%E4%BB%B6%E4%B8%8B%E8%BD%BD%E9%99%90%E5%88%B6/code/%E7%BB%95%E8%BF%87%E7%99%BE%E5%BA%A6%E7%BD%91%E7%9B%98%E5%A4%A7%E6%96%87%E4%BB%B6%E4%B8%8B%E8%BD%BD%E9%99%90%E5%88%B6.user.js"}}