{"options":{"check_for_updates":true,"comment":null,"compatopts_for_requires":true,"compat_wrappedjsobject":false,"compat_metadata":false,"compat_foreach":false,"compat_arrayleft":false,"compat_uW_gmonkey":false,"compat_forvarin":false,"noframes":null,"awareOfChrome":false,"run_at":null,"override":{"use_includes":[],"orig_includes":["http://*","https://*","http://pan.baidu.com/s/*","http://eyun.baidu.com/s/*"],"merge_includes":true,"use_matches":[],"orig_matches":[],"merge_matches":true,"use_excludes":[],"orig_excludes":["http*://*.pcs.baidu.com/*","http*://*.baidupcs.com/*","http*://*:8666/file/*","http*://*.baidu.com/file/*","http*://index.baidu.com/*","http*://*.gov/*","http*://*.gov.cn/*","http*://*.taobao.com/*","http*://*.tmall.com/*","http*://*.alimama.com/*","http*://*.jd.com/*","http://*.ctrip.com/*","https://*.evernote.com/*","https://*.yinxiang.com/*","/^https?://(localhost|10\\.|192\\.|127\\.)/","/https?://www.baidu.com/(?:s|baidu)\\?/","http*://www.zhihu.com/question/*/answers/created"],"merge_excludes":true,"use_connects":[],"merge_connects":true,"use_blockers":[],"orig_run_at":"document-idle","orig_noframes":null,"orig_connects":[]}},"settings":{"enabled":true,"position":73},"meta":{"name":"网盘自动填写密码【增强版】","uuid":"547aa030-af28-4042-9b41-c49e4d058288","modified":1511240901418,"file_url":"https://greasyfork.org/scripts/13463-%E7%BD%91%E7%9B%98%E8%87%AA%E5%8A%A8%E5%A1%AB%E5%86%99%E5%AF%86%E7%A0%81-%E5%A2%9E%E5%BC%BA%E7%89%88/code/%E7%BD%91%E7%9B%98%E8%87%AA%E5%8A%A8%E5%A1%AB%E5%86%99%E5%AF%86%E7%A0%81%E3%80%90%E5%A2%9E%E5%BC%BA%E7%89%88%E3%80%91.user.js"}}