{"options":{"check_for_updates":true,"comment":null,"compatopts_for_requires":true,"compat_wrappedjsobject":false,"compat_metadata":false,"compat_foreach":false,"compat_arrayleft":false,"compat_uW_gmonkey":false,"compat_forvarin":false,"noframes":null,"awareOfChrome":false,"run_at":null,"override":{"use_includes":[],"orig_includes":[],"merge_includes":true,"use_matches":[],"orig_matches":["*://*/*"],"merge_matches":true,"use_excludes":[],"orig_excludes":[],"merge_excludes":true,"use_connects":[],"merge_connects":true,"use_blockers":[],"orig_run_at":"document-idle","orig_noframes":null,"orig_connects":[]}},"settings":{"enabled":true,"position":72},"meta":{"name":"网盘提取工具","uuid":"406719ce-fa6a-4c19-8764-162459c5ea42","modified":1511240887884,"file_url":"https://greasyfork.org/scripts/18733-%E7%BD%91%E7%9B%98%E6%8F%90%E5%8F%96%E5%B7%A5%E5%85%B7/code/%E7%BD%91%E7%9B%98%E6%8F%90%E5%8F%96%E5%B7%A5%E5%85%B7.user.js"}}