{"options":{"check_for_updates":true,"comment":null,"compatopts_for_requires":true,"compat_wrappedjsobject":false,"compat_metadata":false,"compat_foreach":false,"compat_arrayleft":false,"compat_uW_gmonkey":false,"compat_forvarin":false,"noframes":null,"awareOfChrome":false,"run_at":null,"override":{"use_includes":[],"orig_includes":[],"merge_includes":true,"use_matches":[],"orig_matches":["*://*/*"],"merge_matches":true,"use_excludes":[],"orig_excludes":[],"merge_excludes":true,"use_connects":[],"merge_connects":true,"use_blockers":[],"orig_run_at":"document-end","orig_noframes":null,"orig_connects":["eemm.me"]}},"settings":{"enabled":true,"position":74},"meta":{"name":"网页限制解除(改)","uuid":"14441833-e07a-4fce-a36e-a81c0140d5ab","modified":1511937844150,"file_url":"https://greasyfork.org/scripts/28497-remove-web-limits/code/Remove%20web%20limits.user.js"}}