{"options":{"check_for_updates":true,"comment":null,"compatopts_for_requires":true,"compat_wrappedjsobject":false,"compat_metadata":false,"compat_foreach":false,"compat_arrayleft":false,"compat_uW_gmonkey":false,"compat_forvarin":false,"noframes":null,"awareOfChrome":false,"run_at":null,"override":{"use_includes":[],"orig_includes":["*://pan.baidu.com/*","*://v.qq.com/*","*://v.sports.qq.com/*","*://film.qq.com/*","*://view.inews.qq.com/*","*://news.qq.com/*","*://v.youku.com/v_show/id_*","*://video.tudou.com/v/*","*://v.163.com/*.html*","*://ent.163.com/*.html*","*://news.163.com/*.html*","*://news.163.com/special/*","*://study.163.com/course/*.htm?courseId=*","*://news.sina.com.cn/*","*://video.sina.com.cn/*","*://video.sina.cn/*","*://weibo.com/*","*://www.weibo.com/*","*://*.le.com/*.html*","*://*.lesports.com/*.html*","*://tv.sohu.com/*.shtml*","*://*.tv.sohu.com/*.shtml*","*://film.sohu.com/album/*","*://www.fun.tv/vplay/*","*://m.fun.tv/*","https://www.panda.tv/*","https://*.zhanqi.tv/*","*://*.longzhu.com/*"],"merge_includes":true,"use_matches":[],"orig_matches":[],"merge_matches":true,"use_excludes":[],"orig_excludes":["http://tv.cctv.com/live/*","https://www.panda.tv/"],"merge_excludes":true,"use_connects":[],"merge_connects":true,"use_blockers":[],"orig_run_at":"document-start","orig_noframes":null,"orig_connects":[]}},"settings":{"enabled":true,"position":6},"meta":{"name":"视频站启用html5播放器","uuid":"54019523-bce6-410d-bd78-4dc8c1f0da3d","modified":1513651387608,"file_url":"https://greasyfork.org/scripts/30545-%E8%A7%86%E9%A2%91%E7%AB%99%E5%90%AF%E7%94%A8html5%E6%92%AD%E6%94%BE%E5%99%A8/code/%E8%A7%86%E9%A2%91%E7%AB%99%E5%90%AF%E7%94%A8html5%E6%92%AD%E6%94%BE%E5%99%A8.user.js"}}