{"options":{"check_for_updates":true,"comment":null,"compatopts_for_requires":true,"compat_wrappedjsobject":false,"compat_metadata":false,"compat_foreach":false,"compat_arrayleft":false,"compat_uW_gmonkey":false,"compat_forvarin":false,"noframes":null,"awareOfChrome":false,"run_at":null,"override":{"use_includes":[],"orig_includes":[],"merge_includes":true,"use_matches":[],"orig_matches":["http://pan.baidu.com/*","https://pan.baidu.com/*","http://yun.baidu.com/*","https://yun.baidu.com/*","https://eyun.baidu.com/*"],"merge_matches":true,"use_excludes":[],"orig_excludes":[],"merge_excludes":true,"use_connects":[],"merge_connects":true,"use_blockers":[],"orig_run_at":"document-start","orig_noframes":null,"orig_connects":[]}},"settings":{"enabled":true,"position":77},"meta":{"name":"解决百度云大文件下载限制","uuid":"370b60ce-5624-4223-92e9-07cdadc6c973","modified":1511240944461,"file_url":"https://greasyfork.org/scripts/17800-%E8%A7%A3%E5%86%B3%E7%99%BE%E5%BA%A6%E4%BA%91%E5%A4%A7%E6%96%87%E4%BB%B6%E4%B8%8B%E8%BD%BD%E9%99%90%E5%88%B6/code/%E8%A7%A3%E5%86%B3%E7%99%BE%E5%BA%A6%E4%BA%91%E5%A4%A7%E6%96%87%E4%BB%B6%E4%B8%8B%E8%BD%BD%E9%99%90%E5%88%B6.user.js"}}