{"options":{"check_for_updates":true,"comment":null,"compatopts_for_requires":true,"compat_wrappedjsobject":false,"compat_metadata":false,"compat_foreach":false,"compat_arrayleft":false,"compat_uW_gmonkey":false,"compat_forvarin":false,"noframes":null,"awareOfChrome":false,"run_at":null,"override":{"use_includes":[],"orig_includes":["*://tieba.baidu.com/*"],"merge_includes":true,"use_matches":[],"orig_matches":[],"merge_matches":true,"use_excludes":[],"orig_excludes":["*://tieba.baidu.com/f/fdir*"],"merge_excludes":true,"use_connects":[],"merge_connects":true,"use_blockers":[],"orig_run_at":"document-body","orig_noframes":null,"orig_connects":[]}},"settings":{"enabled":true,"position":5},"meta":{"name":"贴吧页面精简","uuid":"8544fcf4-a414-4249-ad20-e77a1e2d9691","modified":1511234661418,"file_url":"https://greasyfork.org/scripts/23687-%E8%B4%B4%E5%90%A7%E9%A1%B5%E9%9D%A2%E7%B2%BE%E7%AE%80/code/%E8%B4%B4%E5%90%A7%E9%A1%B5%E9%9D%A2%E7%B2%BE%E7%AE%80.user.js"}}