{"options":{"check_for_updates":true,"comment":null,"compatopts_for_requires":true,"compat_wrappedjsobject":false,"compat_metadata":false,"compat_foreach":false,"compat_arrayleft":false,"compat_uW_gmonkey":false,"compat_forvarin":false,"noframes":null,"awareOfChrome":false,"run_at":null,"override":{"use_includes":[],"orig_includes":["*"],"merge_includes":true,"use_matches":[],"orig_matches":[],"merge_matches":true,"use_excludes":[],"orig_excludes":[],"merge_excludes":true,"use_connects":[],"merge_connects":true,"use_blockers":[],"orig_run_at":"document-idle","orig_noframes":null,"orig_connects":[]}},"settings":{"enabled":true,"position":81},"meta":{"name":"迅雷地址转真实地址","uuid":"640d3815-7f5e-4ecd-974d-8da326cfaa35","modified":1511240999694,"file_url":"https://greasyfork.org/scripts/30884-%E8%BF%85%E9%9B%B7%E5%9C%B0%E5%9D%80%E8%BD%AC%E7%9C%9F%E5%AE%9E%E5%9C%B0%E5%9D%80/code/%E8%BF%85%E9%9B%B7%E5%9C%B0%E5%9D%80%E8%BD%AC%E7%9C%9F%E5%AE%9E%E5%9C%B0%E5%9D%80.user.js"}}