{"options":{"awareOfChrome":false,"check_for_updates":true,"comment":null,"compat_arrayleft":false,"compat_foreach":false,"compat_forvarin":false,"compat_metadata":false,"compat_uW_gmonkey":false,"compat_wrappedjsobject":false,"compatopts_for_requires":true,"noframes":null,"override":{"merge_connects":true,"merge_excludes":true,"merge_includes":true,"merge_matches":true,"orig_connects":[],"orig_excludes":[],"orig_includes":["http://music.163.com/*"],"orig_matches":[],"orig_noframes":null,"orig_run_at":"document-start","use_blockers":[],"use_connects":[],"use_excludes":[],"use_includes":[],"use_matches":[]},"run_at":null},"settings":{"enabled":false,"position":37},"meta":{"name":"163 Music HTML5 Player","uuid":"7cfd1f5c-d951-4f3e-88b8-325b628948d3","modified":1505300538533,"file_url":"https://github.com/FirefoxBar/userscript/raw/master/163_Music_HTML5_Player/163_Music_HTML5_Player.user.js"}}