{"options":{"awareOfChrome":false,"check_for_updates":true,"comment":null,"compat_arrayleft":false,"compat_foreach":false,"compat_forvarin":false,"compat_metadata":false,"compat_uW_gmonkey":false,"compat_wrappedjsobject":false,"compatopts_for_requires":true,"noframes":null,"override":{"merge_connects":true,"merge_excludes":true,"merge_includes":true,"merge_matches":true,"orig_connects":[],"orig_excludes":[],"orig_includes":[],"orig_matches":["*.163.com/photoview/*"],"orig_noframes":null,"orig_run_at":"document-idle","use_blockers":[],"use_connects":[],"use_excludes":[],"use_includes":[],"use_matches":[]},"run_at":null},"settings":{"enabled":true,"position":46},"meta":{"name":"163图集完整显示","uuid":"0a610ed0-f2d5-4593-a039-1fac003a268d","modified":1513652190237,"file_url":"https://greasyfork.org/scripts/9339-163%E5%9B%BE%E9%9B%86%E5%AE%8C%E6%95%B4%E6%98%BE%E7%A4%BA/code/163%E5%9B%BE%E9%9B%86%E5%AE%8C%E6%95%B4%E6%98%BE%E7%A4%BA.user.js"}}