{"options":{"awareOfChrome":false,"check_for_updates":true,"comment":null,"compat_arrayleft":false,"compat_foreach":false,"compat_forvarin":false,"compat_metadata":false,"compat_uW_gmonkey":false,"compat_wrappedjsobject":false,"compatopts_for_requires":true,"noframes":null,"override":{"merge_connects":true,"merge_excludes":true,"merge_includes":true,"merge_matches":true,"orig_connects":["fanyi.youdao.com"],"orig_excludes":[],"orig_includes":["*"],"orig_matches":[],"orig_noframes":null,"orig_run_at":"document-end","use_blockers":[],"use_connects":[],"use_excludes":[],"use_includes":[],"use_matches":[]},"run_at":null},"settings":{"enabled":false,"position":32},"meta":{"name":"AC-有道取词+翻译","uuid":"bd6628d2-f305-4813-9efa-93175e3b12c5","modified":1511749090780,"file_url":"https://greasyfork.org/scripts/14197-ac-%E6%9C%89%E9%81%93%E5%8F%96%E8%AF%8D-%E7%BF%BB%E8%AF%91/code/AC-%E6%9C%89%E9%81%93%E5%8F%96%E8%AF%8D+%E7%BF%BB%E8%AF%91.user.js"}}