{"options":{"awareOfChrome":false,"check_for_updates":true,"comment":null,"compat_arrayleft":false,"compat_foreach":false,"compat_forvarin":false,"compat_metadata":false,"compat_uW_gmonkey":false,"compat_wrappedjsobject":false,"compatopts_for_requires":true,"noframes":null,"override":{"merge_connects":true,"merge_excludes":true,"merge_includes":true,"merge_matches":true,"orig_connects":[],"orig_excludes":[],"orig_includes":["http://www.tudou.com/*","http://www.iqiyi.com/*","http://v.qq.com/*","http://www.letv.com/*","http://v.youku.com/*","http://tv.sohu.com/*","http://vod.xunlei.com/*","http://vod.kankan.com/*","http://pan.baidu.com/play/*","http://www.56.com/*","http://www.bilibili.com/*"],"orig_matches":[],"orig_noframes":null,"orig_run_at":"document-idle","use_blockers":[],"use_connects":[],"use_excludes":[],"use_includes":[],"use_matches":[]},"run_at":null},"settings":{"enabled":true,"position":41},"meta":{"name":"Automatically Pause Video","uuid":"34b89337-d08b-45fe-b0ca-416a9d3476d3","modified":1506080826984,"file_url":"https://github.com/FirefoxBar/userscript/raw/master/Automatically_Pause_Video/Automatically_Pause_Video.user.js"}}