{"options":{"awareOfChrome":false,"check_for_updates":true,"comment":null,"compat_arrayleft":false,"compat_foreach":false,"compat_forvarin":false,"compat_metadata":false,"compat_uW_gmonkey":false,"compat_wrappedjsobject":false,"compatopts_for_requires":true,"noframes":null,"override":{"merge_connects":true,"merge_excludes":true,"merge_includes":true,"merge_matches":true,"orig_connects":[],"orig_excludes":[],"orig_includes":["*://www.bilibili.com/video/av*","*://www.bilibili.com/*/html5player.html*","*://bangumi.bilibili.com/anime/v/*","*://bangumi.bilibili.com/anime/*/play*"],"orig_matches":[],"orig_noframes":null,"orig_run_at":"document-body","use_blockers":[],"use_connects":[],"use_excludes":[],"use_includes":[],"use_matches":[]},"run_at":null},"settings":{"enabled":true,"position":24},"meta":{"name":"bilibili-H5","uuid":"783afca4-9fee-431e-8b06-6ff249ca810d","modified":1511083498830,"file_url":"https://raw.githubusercontent.com/xinggsf/gm/master/bilibili-h5.user.js"}}