{"options":{"awareOfChrome":false,"check_for_updates":true,"comment":null,"compat_arrayleft":false,"compat_foreach":false,"compat_forvarin":false,"compat_metadata":false,"compat_uW_gmonkey":false,"compat_wrappedjsobject":false,"compatopts_for_requires":true,"noframes":null,"override":{"merge_connects":true,"merge_excludes":true,"merge_includes":true,"merge_matches":true,"orig_connects":[],"orig_excludes":[],"orig_includes":["http://*"],"orig_matches":[],"orig_noframes":null,"orig_run_at":"document-idle","use_blockers":[],"use_connects":[],"use_excludes":[],"use_includes":[],"use_matches":[]},"run_at":null},"settings":{"enabled":false,"position":45},"meta":{"name":"CL1024改进版","uuid":"4e263dd5-9080-4a31-a289-15a88e0fd3b3","modified":1506492436495,"file_url":"https://sleazyfork.org/scripts/11397-cl1024%E6%94%B9%E8%BF%9B%E7%89%88/code/CL1024%E6%94%B9%E8%BF%9B%E7%89%88.user.js"}}