{"options":{"awareOfChrome":false,"check_for_updates":true,"comment":null,"compat_arrayleft":false,"compat_foreach":false,"compat_forvarin":false,"compat_metadata":false,"compat_uW_gmonkey":false,"compat_wrappedjsobject":false,"compatopts_for_requires":true,"noframes":null,"override":{"merge_connects":true,"merge_excludes":true,"merge_includes":true,"merge_matches":true,"orig_connects":[],"orig_excludes":[],"orig_includes":["*forum.php?mod=viewthread&tid=*","*forum.php?mod=post&action=reply*replysubmit=yes","*viewthread.php?tid=*","*thread*.html"],"orig_matches":[],"orig_noframes":null,"orig_run_at":"document-idle","use_blockers":[],"use_connects":[],"use_excludes":[],"use_includes":[],"use_matches":[]},"run_at":null},"settings":{"enabled":true,"position":47},"meta":{"name":"DZ回复可见助手","uuid":"75176c97-142d-4636-ad16-3f8589c025ec","modified":1513652254738,"file_url":"https://greasyfork.org/scripts/25941-dz%E5%9B%9E%E5%A4%8D%E5%8F%AF%E8%A7%81%E5%8A%A9%E6%89%8B/code/DZ%E5%9B%9E%E5%A4%8D%E5%8F%AF%E8%A7%81%E5%8A%A9%E6%89%8B.user.js"}}