{"options":{"awareOfChrome":false,"check_for_updates":true,"comment":null,"compat_arrayleft":false,"compat_foreach":false,"compat_forvarin":false,"compat_metadata":false,"compat_uW_gmonkey":false,"compat_wrappedjsobject":false,"compatopts_for_requires":true,"noframes":null,"override":{"merge_connects":true,"merge_excludes":true,"merge_includes":true,"merge_matches":true,"orig_excludes":[],"orig_includes":["http*://*/*","http*://pan.baidu.com/*","http*://115.com/*","https://www.furk.net/*","https://www.seedr.cc/*"],"orig_matches":[],"orig_noframes":null,"orig_run_at":"document-idle","use_blockers":[],"use_connects":[],"use_excludes":[],"use_includes":[],"use_matches":[]},"run_at":null},"settings":{"enabled":false,"position":10},"meta":{"name":"Easy offline","uuid":"dd5f8ee3-a32d-48dd-ac6e-85ac04ca7c4e","modified":1504073104929,"file_url":"https://greasyfork.org/scripts/22590-%E4%B8%80%E9%94%AE%E7%A6%BB%E7%BA%BF%E4%B8%8B%E8%BD%BD/code/%E4%B8%80%E9%94%AE%E7%A6%BB%E7%BA%BF%E4%B8%8B%E8%BD%BD.user.js"}}