{"options":{"awareOfChrome":false,"check_for_updates":true,"comment":null,"compat_arrayleft":false,"compat_foreach":false,"compat_forvarin":false,"compat_metadata":false,"compat_uW_gmonkey":false,"compat_wrappedjsobject":false,"compatopts_for_requires":true,"noframes":null,"override":{"merge_connects":true,"merge_excludes":true,"merge_includes":true,"merge_matches":true,"orig_connects":[],"orig_excludes":["http://maps.google.com/*","https://maps.google.com/*"],"orig_includes":["http://*","https://*"],"orig_matches":[],"orig_noframes":null,"orig_run_at":"document-idle","use_blockers":[],"use_connects":[],"use_excludes":[],"use_includes":[],"use_matches":[]},"run_at":null},"settings":{"enabled":true,"position":48},"meta":{"name":"Enhanced word highlight","uuid":"d900328f-ce32-4866-8ae3-4cb44366de3b","modified":1513652293478,"file_url":"https://greasyfork.org/scripts/7251-enhanced-word-highlight/code/Enhanced%20word%20highlight.user.js"}}