{"options":{"awareOfChrome":false,"check_for_updates":true,"comment":null,"compat_arrayleft":false,"compat_foreach":false,"compat_forvarin":false,"compat_metadata":false,"compat_uW_gmonkey":false,"compat_wrappedjsobject":false,"compatopts_for_requires":true,"noframes":null,"override":{"merge_connects":true,"merge_excludes":true,"merge_includes":true,"merge_matches":true,"orig_connects":[],"orig_excludes":[],"orig_includes":["*"],"orig_matches":[],"orig_noframes":null,"orig_run_at":"document-start","use_blockers":[],"use_connects":[],"use_excludes":[],"use_includes":[],"use_matches":[]},"run_at":null},"settings":{"enabled":true,"position":51},"meta":{"name":"Lite Add button for Smooth Scroll to the top / bottom","uuid":"b54f110f-00fe-487c-8110-2da4108b69b0","modified":1513652429824,"file_url":"https://greasyfork.org/scripts/10357-lite-add-button-for-smooth-scroll-to-the-top-bottom/code/Lite%20Add%20button%20for%20Smooth%20Scroll%20to%20the%20top%20%20bottom.user.js"}}