{"data":{"cfg":"s{\"delay\":500,\"scale\":1.5,\"start\":\"auto\",\"zoom\":\"context\",\"center\":false,\"cursor\":false,\"imgtab\":false,\"close\":true,\"preload\":true,\"css\":\"\",\"scales\":[\"0\",\"0.5\",\"1\",\"1.5\",\"2\",\"4\",\"8\",\"16\"],\"xhr\":true,\"hosts\":\"{\\\"r\\\": \\\"(img\\\\\\\\d+\\\\\\\\.douban\\\\\\\\.com/)(?:(view/)(?:photo|movie_poster_cover)/(?!large)[^/]+|(icon/u(?=\\\\\\\\d))|[sm](?=pic/))(.*)\\\",\\\"s\\\": \\\"return 'http://' + m[1] + (m[2] ? m[2] + 'photo/photo' : ((m[3]||'') + 'l')) + m[4];\\\"}\\n{\\\"r\\\":\\\"((?:img\\\\\\\\d\\\\\\\\d\\\\\\\\.taobaocdn|g(?:[^.]*\\\\\\\\.?){1,2}?\\\\\\\\.alicdn)\\\\\\\\.com\\\\\\\\/)(?:img\\\\\\\\/|tps\\\\\\\\/http:\\\\\\\\/\\\\\\\\/img\\\\\\\\d\\\\\\\\d+\\\\\\\\.taobaocdn\\\\\\\\.com\\\\\\\\/)?((?:imgextra|bao\\\\\\\\/uploaded)\\\\\\\\/i\\\\\\\\d+\\\\\\\\/[^!]+![^.]+\\\\\\\\.[^_]+)_.+\\\",\\\"s\\\":\\\"http://$1$2\\\"}\\n{\\\"r\\\":\\\"(.+\\\\/attachments?\\\\/.+)\\\\\\\\.thumb\\\\\\\\.\\\\\\\\w{2,5}$\\\",\\\"s\\\":\\\"$1\\\"}\\n{\\\"r\\\":\\\"(.+image\\\\\\\\.coolapk\\\\\\\\.com.+?(?=(.jpeg|.jpg|.png))).+.jpg$\\\",\\\"s\\\":\\\"$1$2\\\"}\\n{\\\"r\\\":\\\"(hiphotos|imgsrc)\\\\\\\\.baidu\\\\\\\\.com/(.+?)/.+?([0-9a-f]{40})\\\",\\\"s\\\":\\\"http://$1.baidu.com/$2/pic/item/$3.jpg\\\"}\\n{\\\"r\\\":\\\"(res\\\\\\\\.yyets\\\\\\\\.com/ftp/(?:attachment/)?\\\\\\\\d+/\\\\\\\\d+)/[ms]_(.*)\\\",\\\"s\\\":\\\"http://$1/$2\\\"}\\n{\\\"r\\\":\\\"(res\\\\\\\\.yyets\\\\\\\\.com\\\\\\\\/ftp\\\\\\\\/\\\\\\\\d+\\\\\\\\/\\\\\\\\d+)\\\\\\\\/[ms]_(.*)\\\",\\\"s\\\":\\\"http://$1/$2\\\"}\\n{\\\"r\\\":\\\"(ww[0-9]\\\\\\\\.sinaimg\\\\\\\\.cn)/(thumbnail|square)/([a-z0-9]+)\\\",\\\"s\\\":\\\"http://$1/mw1024/$3.jpg\\\"}\\n{\\\"r\\\":\\\"jpegshare\\\\\\\\.net\\\",\\\"q\\\":\\\"img\\\"}\",\"version\":5}"},"ts":1504073104880}