{"options":{"awareOfChrome":false,"check_for_updates":true,"comment":null,"compat_arrayleft":false,"compat_foreach":false,"compat_forvarin":false,"compat_metadata":false,"compat_uW_gmonkey":false,"compat_wrappedjsobject":false,"compatopts_for_requires":true,"noframes":null,"override":{"merge_connects":true,"merge_excludes":true,"merge_includes":true,"merge_matches":true,"orig_connects":["imdb.com","6080.tv","lbldy.com","aaqqs.com"],"orig_excludes":[],"orig_includes":["https://movie.douban.com/"],"orig_matches":["https://movie.douban.com/*","https://book.douban.com/*"],"orig_noframes":null,"orig_run_at":"document-start","use_blockers":[],"use_connects":[],"use_excludes":[],"use_includes":[],"use_matches":[]},"run_at":null},"settings":{"enabled":false,"position":34},"meta":{"name":"MyDoubanMovieHelper|豆瓣电影C+|豆瓣|豆瓣电影|movie.douban.com","uuid":"9ff11c1e-f317-4af7-ad17-6bf09fe46e1b","modified":1506558608248,"file_url":"https://greasyfork.org/scripts/14636-mydoubanmoviehelper-%E8%B1%86%E7%93%A3%E7%94%B5%E5%BD%B1c-%E8%B1%86%E7%93%A3-%E8%B1%86%E7%93%A3%E7%94%B5%E5%BD%B1-movie-douban-com/code/MyDoubanMovieHelper%7C%E8%B1%86%E7%93%A3%E7%94%B5%E5%BD%B1C+%7C%E8%B1%86%E7%93%A3%7C%E8%B1%86%E7%93%A3%E7%94%B5%E5%BD%B1%7Cmoviedoubancom.user.js"}}