{"data":{"config_bindKeyCode1":"n77","config_bindKeyCodeOne":"n18","config_enabledBdMusicRemoveAd":"btrue","config_enabledBdYunLargeFileDownload":"btrue","config_enabledCopyPage":"btrue","config_enabledDebugModel":"bfalse","config_enabledDirectGoogle":"btrue","config_enabledDirectZhihuLink":"btrue","config_enabledDouBanDownload":"btrue","config_enabledFlatZhihu":"btrue","config_enabledGwd":"btrue","config_enabledVideoVip":"bfalse","config_hackVideoHttpSources":"s[]","config_hackVideoHttpsSources":"s[\"http://api.47ks.com/webcloud/?v=\"]","config_showMenu":"bfalse","mts_greasyfork":"n1503112724579"},"ts":1504073104961}