{"options":{"awareOfChrome":false,"check_for_updates":true,"comment":null,"compat_arrayleft":false,"compat_foreach":false,"compat_forvarin":false,"compat_metadata":false,"compat_uW_gmonkey":false,"compat_wrappedjsobject":true,"compatopts_for_requires":true,"noframes":null,"override":{"merge_connects":true,"merge_excludes":true,"merge_includes":true,"merge_matches":true,"orig_excludes":["http://localhost*","http://127.0.0.1*","*://g.alicdn.com/*","*://googleads.g.doubleclick.net/*","*://s.click.taobao.com/t_js*","http://www.jxhld.gov.cn/*","http://bbs.htpc1.com/*","*://exmail.qq.com/*","*://cas.edu.sh.cn/*","*://blog.guqiankun.com/*","*://outlook.live.com/*","*://bbs.dg2012.com/*","*://www.sexinsex.net/*","*://*.1688.com/*","*://outlook.office365.com/*","*://www.7xiazai.com/*"],"orig_includes":["/^https?\\:\\/\\/(www|news|maps|docs|cse|encrypted)\\.google\\./","http://play.baidu.com/*","http://movie.douban.com/subject/*","http://book.douban.com/subject/*"],"orig_matches":["*://*/*"],"orig_noframes":null,"orig_run_at":"document-end","use_blockers":[],"use_connects":[],"use_excludes":[],"use_includes":[],"use_matches":[]},"run_at":null},"settings":{"enabled":false,"position":15},"meta":{"name":"MyTools：我的私人工具集","uuid":"64f08001-d6f0-44e5-b225-9eac0398c619","modified":1504073104945,"file_url":"https://cengshu.apphb.com/userscripts/mytools.user.js"}}