{"options":{"awareOfChrome":false,"check_for_updates":true,"comment":null,"compat_arrayleft":false,"compat_foreach":false,"compat_forvarin":false,"compat_metadata":false,"compat_uW_gmonkey":false,"compat_wrappedjsobject":false,"compatopts_for_requires":true,"noframes":null,"override":{"merge_connects":true,"merge_excludes":true,"merge_includes":true,"merge_matches":true,"orig_connects":[],"orig_excludes":[],"orig_includes":["http://blog.csdn.net/*/article/details/*","http://*.cnblogs.com/*/p/*","http://*.cnblogs.com/*/archive/*","http://*.cnblogs.com/*/articles/*","https://*.cnblogs.com/*/p/*","https://*.cnblogs.com/*/archive/*","https://*.cnblogs.com/*/articles/*","http://blog.sina.com.cn/s/blog_*.html","http://*.blog.163.com/blog/static/*","http://*.blog.sohu.com/*","http://blog.tianya.cn/post-*","http://blog.sciencenet.cn/blog-*","http://blog.chinaunix.net/uid-*"],"orig_matches":[],"orig_noframes":null,"orig_run_at":"document-end","use_blockers":[],"use_connects":[],"use_excludes":[],"use_includes":[],"use_matches":[]},"run_at":null},"settings":{"enabled":true,"position":42},"meta":{"name":"Reading Mode","uuid":"fa34da6e-c090-42dd-9e25-d741c0875834","modified":1511083501061,"file_url":"https://github.com/FirefoxBar/userscript/raw/master/Reading_Mode/Reading_Mode.user.js"}}