{"options":{"awareOfChrome":false,"check_for_updates":true,"comment":null,"compat_arrayleft":false,"compat_foreach":false,"compat_forvarin":false,"compat_metadata":false,"compat_uW_gmonkey":false,"compat_wrappedjsobject":false,"compatopts_for_requires":true,"noframes":null,"override":{"merge_connects":true,"merge_excludes":true,"merge_includes":true,"merge_matches":true,"orig_connects":[],"orig_excludes":[],"orig_includes":["*google*","*baidu.com*","*bing.com*","*duckduckgo.com*","*youdao.com*","*so.com*","*soku.com*","*bilibili.tv*","*bilibili.com*","*acfun.tv*","*acfun.cn*","*youtube.com*","*so.tv.sohu.com*","*so.letv.com*","*so.1ting.com*","*xiami.com*","*music.163.com*","*music.qq.com*","*so.yinyuetai.com*","*pixiv.net*","*flickr.com*","*huaban.com*","*www.nicovideo.jp*","*cn.picsearch.com*","*deviantart.com*","*jpg4.info*","*yyets.com*","*baiduyun.me*","*oabt.org*","*ktxp.com*","*dmhy.org*","*shooter.cn*","*simplecd.me*","*ed2000.com*","*taobao.com*","*list.tmall.com*","*search.jd.com*","*search.suning.com*","*search.dangdang.com*","*search.yhd.com*","*amazon.cn*","*s.mall.360.cn*","*iciba.com*","*dict.cn*","*dict.hjenglish.com*","*zdic.net*","*wikipedia.org*","*zhihu.com*","*so.hudong.com*","*docin.com*","*ishare.iask.sina.com.cn*","*s.weibo.com*","*douban.com*","*search.t.qq.com*","*twitter.com*","*facebook.com*","*runoob.com*","*pinterest.com*","*github.com*"],"orig_matches":["*://*/*"],"orig_noframes":null,"orig_run_at":"document-end","use_blockers":[],"use_connects":[],"use_excludes":[],"use_includes":[],"use_matches":[]},"run_at":null},"settings":{"enabled":true,"position":9},"meta":{"name":"searchEngineJump 搜索引擎快捷跳转","uuid":"56a56c3f-49e0-4727-8b6f-5560535261b1","modified":1513420295778,"file_url":"https://greasyfork.org/scripts/5316-searchenginejump-%E7%AE%80%E5%8C%96%E6%94%B9%E8%BF%9B%E7%89%88/code/searchEngineJump%20%E7%AE%80%E5%8C%96%E6%94%B9%E8%BF%9B%E7%89%88.user.js"}}