{"options":{"awareOfChrome":false,"check_for_updates":true,"comment":null,"compat_arrayleft":false,"compat_foreach":false,"compat_forvarin":false,"compat_metadata":false,"compat_uW_gmonkey":false,"compat_wrappedjsobject":false,"compatopts_for_requires":true,"noframes":null,"override":{"merge_connects":true,"merge_excludes":true,"merge_includes":true,"merge_matches":true,"orig_connects":[],"orig_excludes":["*pan.baidu.com/*","*renren.com/*","*exhentai.org/*","*music.google.com/*","*play.google.com/music/*","*mail.google.com/*","*docs.google.com/*","*www.google.*","*acid3.acidtests.org/*","*.163.com/*","*.alipay.com/*"],"orig_includes":["*"],"orig_matches":[],"orig_noframes":null,"orig_run_at":"document-idle","use_blockers":[],"use_connects":[],"use_excludes":[],"use_includes":[],"use_matches":[]},"run_at":null},"settings":{"enabled":false,"position":1},"meta":{"name":"Text To link","uuid":"9569c92d-6498-4797-a11d-f56f86392f3a","modified":1508228150681,"file_url":"https://git.oschina.net/coldfire/GM/raw/master/linkMix.user.js"}}