{"options":{"awareOfChrome":false,"check_for_updates":true,"comment":null,"compat_arrayleft":false,"compat_foreach":false,"compat_forvarin":false,"compat_metadata":false,"compat_uW_gmonkey":false,"compat_wrappedjsobject":false,"compatopts_for_requires":true,"noframes":null,"override":{"merge_connects":true,"merge_excludes":true,"merge_includes":true,"merge_matches":true,"orig_excludes":[],"orig_includes":["http://www.baidu.com/","https://www.baidu.com/","http://www.baidu.com/?vit=1","http://www.baidu.com/index.php?tn=baiduhome_pg","http*//tieba.baidu.com/f*kw=*"],"orig_matches":[],"orig_noframes":null,"orig_run_at":"document-idle","use_blockers":[],"use_connects":[],"use_excludes":[],"use_includes":[],"use_matches":[]},"run_at":null},"settings":{"enabled":true,"position":8},"meta":{"name":"tiebaAllsign","uuid":"8d11c7c5-900c-46cd-acda-fd81540dd34f","modified":1504073104920,"file_url":"https://greasyfork.org/scripts/152-tiebaallsign/code/tiebaAllsign.user.js"}}