{"options":{"awareOfChrome":false,"check_for_updates":true,"comment":null,"compat_arrayleft":false,"compat_foreach":false,"compat_forvarin":false,"compat_metadata":false,"compat_uW_gmonkey":false,"compat_wrappedjsobject":false,"compatopts_for_requires":true,"noframes":null,"override":{"merge_connects":true,"merge_excludes":true,"merge_includes":true,"merge_matches":true,"orig_excludes":[],"orig_includes":["*://www.baidu.com/*","*://www.sogou.com/*","*://www.so.com/*"],"orig_matches":[],"orig_noframes":null,"orig_run_at":"document-end","use_blockers":[],"use_connects":[],"use_excludes":[],"use_includes":[],"use_matches":[]},"run_at":null},"settings":{"enabled":false,"position":2},"meta":{"name":"去除重定向","uuid":"2791c4e3-6e82-47a2-b97d-c39cde6e19cf","modified":1504073104869,"file_url":"https://greasyfork.org/scripts/25919-%E5%8E%BB%E9%99%A4%E9%87%8D%E5%AE%9A%E5%90%91/code/%E5%8E%BB%E9%99%A4%E9%87%8D%E5%AE%9A%E5%90%91.user.js"}}