{"options":{"awareOfChrome":false,"check_for_updates":true,"comment":null,"compat_arrayleft":false,"compat_foreach":false,"compat_forvarin":false,"compat_metadata":false,"compat_uW_gmonkey":false,"compat_wrappedjsobject":false,"compatopts_for_requires":true,"noframes":null,"override":{"merge_connects":true,"merge_excludes":true,"merge_includes":true,"merge_matches":true,"orig_excludes":[],"orig_includes":["http*://*/*"],"orig_matches":[],"orig_noframes":null,"orig_run_at":"document-idle","use_blockers":[],"use_connects":[],"use_excludes":[],"use_includes":[],"use_matches":[]},"run_at":null},"settings":{"enabled":false,"position":19},"meta":{"name":"反图片防盗链","uuid":"2a78b297-4f2d-4b8d-8b36-a051a428e68c","modified":1504073104976,"file_url":"https://greasyfork.org/scripts/27867-%E5%8F%8D%E5%9B%BE%E7%89%87%E9%98%B2%E7%9B%97%E9%93%BE/code/%E5%8F%8D%E5%9B%BE%E7%89%87%E9%98%B2%E7%9B%97%E9%93%BE.user.js"}}