{"options":{"awareOfChrome":false,"check_for_updates":true,"comment":null,"compat_arrayleft":false,"compat_foreach":false,"compat_forvarin":false,"compat_metadata":false,"compat_uW_gmonkey":false,"compat_wrappedjsobject":false,"compatopts_for_requires":true,"noframes":null,"override":{"merge_connects":true,"merge_excludes":true,"merge_includes":true,"merge_matches":true,"orig_connects":[],"orig_excludes":[],"orig_includes":["http*://pianyuan.net/*","http*://pan.baidu.com/disk/home*"],"orig_matches":[],"orig_noframes":null,"orig_run_at":"document-idle","use_blockers":[],"use_connects":[],"use_excludes":[],"use_includes":[],"use_matches":[]},"run_at":null},"settings":{"enabled":false,"position":29},"meta":{"name":"播片源","uuid":"376ba65f-5ca8-45fd-90d0-fac54ad6566f","modified":1505171104636,"file_url":"https://greasyfork.org/scripts/26777-%E6%92%AD%E7%89%87%E6%BA%90/code/%E6%92%AD%E7%89%87%E6%BA%90.user.js"}}