{"options":{"awareOfChrome":false,"check_for_updates":true,"comment":null,"compat_arrayleft":false,"compat_foreach":false,"compat_forvarin":false,"compat_metadata":false,"compat_uW_gmonkey":false,"compat_wrappedjsobject":false,"compatopts_for_requires":true,"noframes":null,"override":{"merge_connects":true,"merge_excludes":true,"merge_includes":true,"merge_matches":true,"orig_connects":[],"orig_excludes":[],"orig_includes":["http://www.baidu.com/*","https://www.baidu.com/*"],"orig_matches":[],"orig_noframes":null,"orig_run_at":"document-body","use_blockers":[],"use_connects":[],"use_excludes":[],"use_includes":[],"use_matches":[]},"run_at":null},"settings":{"enabled":false,"position":30},"meta":{"name":"百度搜索 - 优化","uuid":"563a729f-8244-4f1e-ba9b-35e067c7102a","modified":1513420293598,"file_url":"https://greasyfork.org/scripts/31642-%E7%99%BE%E5%BA%A6%E6%90%9C%E7%B4%A2-%E4%BC%98%E5%8C%96/code/%E7%99%BE%E5%BA%A6%E6%90%9C%E7%B4%A2%20-%20%E4%BC%98%E5%8C%96.user.js"}}