{"options":{"awareOfChrome":false,"check_for_updates":true,"comment":null,"compat_arrayleft":false,"compat_foreach":false,"compat_forvarin":false,"compat_metadata":false,"compat_uW_gmonkey":false,"compat_wrappedjsobject":false,"compatopts_for_requires":true,"noframes":null,"override":{"merge_connects":true,"merge_excludes":true,"merge_includes":true,"merge_matches":true,"orig_connects":[],"orig_excludes":[],"orig_includes":["*"],"orig_matches":[],"orig_noframes":null,"orig_run_at":"document-idle","use_blockers":[],"use_connects":[],"use_excludes":[],"use_includes":[],"use_matches":[]},"run_at":null},"settings":{"enabled":false,"position":40},"meta":{"name":"繁簡自由切換","uuid":"a4200f7a-27fd-4b55-9717-6f1ce122f748","modified":1505975035338,"file_url":"https://greasyfork.org/scripts/24300-switch-traditional-chinese-and-simplified-chinese/code/Switch%20Traditional%20Chinese%20and%20Simplified%20Chinese.user.js"}}