{"options":{"awareOfChrome":false,"check_for_updates":true,"comment":null,"compat_arrayleft":false,"compat_foreach":false,"compat_forvarin":false,"compat_metadata":false,"compat_uW_gmonkey":false,"compat_wrappedjsobject":false,"compatopts_for_requires":true,"noframes":null,"override":{"merge_connects":true,"merge_excludes":true,"merge_includes":true,"merge_matches":true,"orig_connects":[],"orig_excludes":["http://tv.cctv.com/live/*","https://www.panda.tv/"],"orig_includes":["*://pan.baidu.com/*","*://v.qq.com/*","*://v.sports.qq.com/*","*://film.qq.com/*","*://view.inews.qq.com/*","*://news.qq.com/*","*://v.youku.com/v_show/id_*","*://video.tudou.com/v/*","*://v.163.com/*.html*","*://ent.163.com/*.html*","*://news.163.com/*.html*","*://news.163.com/special/*","*://study.163.com/course/*.htm?courseId=*","*://news.sina.com.cn/*","*://video.sina.com.cn/*","*://video.sina.cn/*","*://weibo.com/*","*://www.weibo.com/*","*://*.le.com/*.html*","*://*.lesports.com/*.html*","*://tv.sohu.com/*.shtml*","*://*.tv.sohu.com/*.shtml*","*://film.sohu.com/album/*","*://www.fun.tv/vplay/*","*://m.fun.tv/*","https://www.panda.tv/*","https://*.zhanqi.tv/*","*://*.longzhu.com/*"],"orig_matches":[],"orig_noframes":null,"orig_run_at":"document-start","use_blockers":[],"use_connects":[],"use_excludes":[],"use_includes":[],"use_matches":[]},"run_at":null},"settings":{"enabled":true,"position":22},"meta":{"name":"视频站启用html5播放器","uuid":"f55c4e24-7a9c-48c5-aed5-e87361506aa6","modified":1513420293616,"file_url":"https://greasyfork.org/scripts/30545-%E8%A7%86%E9%A2%91%E7%AB%99%E5%90%AF%E7%94%A8html5%E6%92%AD%E6%94%BE%E5%99%A8/code/%E8%A7%86%E9%A2%91%E7%AB%99%E5%90%AF%E7%94%A8html5%E6%92%AD%E6%94%BE%E5%99%A8.user.js"}}